id,sex,age,weight,media_youtube,media_facebook_instagram
1,女性,10-20代,6,83,36
2,男性,50代,3,100,73
3,女性,50代,8,71,85
4,女性,50代,6,9,57
5,男性,60代,4,73,52
6,男性,40代,8,1,40
7,女性,10-20代,5,14,37
8,男性,40代,9,24,6
9,女性,40代,4,67,84
10,女性,10-20代,7,65,8
11,女性,60代,9,70,38
12,男性,60代,9,6,94
13,男性,60代,6,82,68
14,男性,30代,5,44,48
15,女性,60代,7,77,64
16,女性,40代,6,99,88
17,男性,30代,9,78,55
18,男性,30代,9,31,60
19,女性,40代,7,5,35
20,男性,50代,4,40,37
21,男性,50代,3,43,84
22,男性,40代,9,83,99
23,男性,50代,8,71,22
24,女性,40代,4,64,15
25,男性,50代,4,9,84
26,女性,40代,5,30,36
27,男性,,7,33,89
28,男性,60代,3,31,74
29,女性,50代,8,54,90
30,女性,60代,9,94,23
31,男性,10-20代,7,53,28
32,女性,40代,6,8,50
33,女性,50代,7,6,33
34,女性,60代,7,52,14
35,男性,30代,9,17,43
36,女性,50代,8,32,91
37,女性,40代,7,64,27
38,女性,10-20代,6,67,52
39,男性,10-20代,5,20,99
40,男性,30代,5,62,60
41,女性,50代,5,42,80
42,男性,10-20代,7,50,12
43,女性,40代,7,75,29
44,男性,60代,7,56,75
45,女性,50代,8,40,55
46,女性,50代,7,27,62
47,男性,10-20代,9,36,95
48,男性,40代,6,57,8
49,女性,60代,6,23,9
50,女性,60代,4,59,35
51,女性,40代,9,27,12
52,男性,10-20代,3,22,73
53,男性,10-20代,3,66,13
54,女性,50代,3,2,81
55,女性,10-20代,3,23,88
56,女性,10-20代,5,21,0
57,男性,60代,4,93,45
58,男性,10-20代,3,34,42
59,女性,30代,9,65,74
60,女性,10-20代,7,93,25
61,男性,10-20代,3,22,52
62,女性,10-20代,4,87,97
63,男性,40代,9,27,63
64,男性,60代,7,61,29
65,女性,40代,6,8,0
66,男性,40代,7,87,95
67,女性,10-20代,4,77,90
68,女性,40代,6,48,35
69,男性,10-20代,7,69,73
70,女性,10-20代,4,45,3
71,男性,30代,6,94,81
72,女性,30代,8,95,95
73,女性,10-20代,9,21,83
74,女性,40代,8,30,70
75,女性,30代,8,81,100
76,男性,50代,7,91,9
77,男性,40代,7,85,46
78,男性,40代,9,61,78
79,男性,10-20代,3,63,31
80,男性,50代,7,39,34
81,女性,60代,8,44,60
82,男性,30代,9,16,88
83,女性,40代,5,45,40
84,男性,30代,5,2,35
85,男性,10-20代,9,29,92
86,男性,60代,6,93,90
87,男性,50代,7,95,84
88,女性,50代,4,59,3
89,女性,60代,7,73,21
90,男性,30代,3,11,24
91,男性,30代,9,73,0
92,男性,40代,7,6,17
93,男性,40代,8,41,65
94,男性,40代,5,98,79
95,男性,60代,8,83,60
96,女性,50代,5,3,0
97,女性,50代,9,31,65
98,女性,40代,8,31,27
99,女性,40代,8,82,42
100,男性,30代,7,92,9
101,男性,40代,5,41,84
102,女性,30代,8,23,6
103,女性,50代,7,94,81
104,男性,,3,77,40
105,女性,10-20代,5,1,73
106,男性,50代,4,90,47
107,男性,40代,7,54,86
108,男性,40代,3,5,31
109,男性,10-20代,9,96,25
110,女性,30代,5,78,76
111,女性,10-20代,7,12,69
112,男性,60代,4,5,84
113,女性,30代,7,77,61
114,女性,30代,3,78,73
115,男性,40代,7,66,58
116,男性,50代,5,53,99
117,男性,50代,7,96,76
118,女性,30代,5,11,23
119,女性,50代,3,25,3
120,男性,40代,6,41,98
121,女性,10-20代,9,17,17
122,女性,40代,4,47,53
123,女性,40代,6,58,98
124,女性,60代,4,42,78
125,男性,30代,8,84,60
126,女性,50代,7,39,59
127,女性,40代,7,57,32
128,女性,50代,4,15,32
129,男性,30代,4,75,84
130,男性,50代,4,75,6
131,女性,30代,5,67,11
132,男性,50代,6,94,86
133,男性,50代,9,26,67
134,男性,50代,3,9,80
135,女性,50代,8,42,37
136,男性,40代,6,6,90
137,女性,40代,8,31,37
138,女性,40代,8,89,26
139,男性,50代,7,8,54
140,男性,30代,7,5,82
141,男性,40代,5,41,40
142,女性,10-20代,5,97,0
143,女性,40代,8,87,24
144,男性,40代,5,54,4
145,男性,10-20代,4,21,95
146,女性,40代,6,42,3
147,女性,40代,6,20,50
148,男性,40代,9,100,77
149,女性,50代,4,83,1
150,女性,10-20代,3,53,41
151,男性,30代,5,63,8
152,男性,40代,6,49,37
153,男性,40代,9,68,71
154,女性,60代,7,15,40
155,女性,60代,4,20,16
156,男性,40代,6,63,3
157,女性,30代,5,1,84
158,男性,60代,5,34,61
159,男性,10-20代,6,94,99
160,男性,50代,5,89,39
161,男性,10-20代,8,31,39
162,男性,30代,5,76,59
163,男性,30代,7,20,5
164,女性,60代,3,47,14
165,女性,60代,8,43,99
166,女性,40代,3,81,35
167,女性,50代,4,53,20
168,女性,60代,5,96,7
169,女性,30代,9,75,98
170,男性,40代,3,19,37
171,女性,50代,8,91,35
172,男性,30代,8,0,75
173,女性,40代,8,70,26
174,男性,60代,8,32,21
175,女性,40代,7,8,71
176,男性,40代,8,59,56
177,女性,30代,7,84,55
178,男性,30代,8,40,49
179,男性,50代,5,65,59
180,男性,30代,3,88,23
181,女性,50代,8,44,52
182,男性,10-20代,4,39,13
183,男性,10-20代,5,63,51
184,男性,40代,9,75,58
185,女性,60代,4,75,16
186,男性,50代,7,29,73
187,女性,10-20代,3,9,81
188,男性,40代,6,34,68
189,男性,30代,4,61,54
190,女性,30代,4,87,8
191,男性,10-20代,8,92,14
192,女性,60代,4,63,74
193,女性,50代,3,74,30
194,女性,10-20代,3,19,7
195,男性,40代,7,46,16
196,男性,60代,9,15,47
197,女性,30代,3,8,37
198,女性,40代,8,4,48
199,女性,60代,4,88,40
200,男性,40代,8,19,22
201,女性,60代,9,85,7
202,女性,60代,7,19,86
203,女性,60代,6,14,33
204,男性,40代,3,14,48
205,女性,10-20代,4,99,78
206,女性,40代,7,17,9
207,男性,30代,4,14,36
208,女性,10-20代,4,73,95
209,女性,30代,7,52,37
210,女性,50代,3,67,32
211,女性,10-20代,9,51,2
212,女性,30代,4,14,2
213,女性,30代,7,7,21
214,女性,10-20代,6,68,97
215,女性,,9,48,4
216,女性,30代,9,84,52
217,女性,60代,8,63,71
218,男性,40代,7,81,74
219,女性,10-20代,7,73,61
220,男性,40代,9,11,75
221,女性,60代,4,55,53
222,女性,30代,3,28,44
223,女性,60代,9,100,41
224,女性,40代,6,15,22
225,女性,50代,3,3,40
226,女性,30代,4,65,28
227,女性,50代,3,48,24
228,女性,40代,9,30,72
229,男性,40代,4,71,6
230,男性,10-20代,3,0,25
231,男性,60代,5,64,56
232,女性,60代,4,32,51
233,男性,60代,6,86,100
234,女性,10-20代,7,50,5
235,男性,40代,6,81,71
236,女性,30代,4,77,66
237,男性,10-20代,7,89,57
238,女性,40代,5,71,35
239,女性,60代,9,46,92
240,男性,10-20代,8,19,35
241,女性,10-20代,8,79,98
242,男性,40代,9,58,54
243,男性,,4,20,37
244,女性,50代,3,26,76
245,男性,30代,7,72,75
246,男性,40代,4,60,19
247,女性,10-20代,5,19,57
248,女性,10-20代,7,80,1
249,男性,10-20代,8,83,25
250,男性,30代,6,77,99
251,女性,10-20代,7,51,68
252,男性,10-20代,4,23,53
253,女性,10-20代,4,70,0
254,女性,30代,7,96,59
255,女性,40代,8,58,73
256,男性,10-20代,8,13,31
257,男性,10-20代,3,18,93
258,女性,40代,6,93,17
259,女性,50代,3,62,39
260,男性,60代,8,99,17
261,男性,40代,6,92,82
262,男性,30代,9,18,92
263,男性,10-20代,9,47,58
264,女性,10-20代,3,63,52
265,女性,30代,4,30,87
266,女性,60代,4,21,3
267,男性,10-20代,3,43,44
268,女性,40代,9,76,49
269,女性,60代,5,56,58
270,男性,10-20代,3,28,14
271,女性,10-20代,8,90,46
272,女性,40代,5,80,78
273,女性,40代,9,98,53
274,女性,10-20代,4,3,56
275,男性,50代,3,10,100
276,男性,50代,7,46,72
277,女性,30代,3,9,7
278,男性,40代,9,9,72
279,女性,40代,9,54,15
280,男性,60代,3,96,76
281,男性,30代,4,38,28
282,女性,30代,7,87,56
283,女性,40代,6,63,35
284,男性,30代,6,76,70
285,女性,10-20代,3,55,36
286,男性,60代,3,23,72
287,女性,10-20代,9,85,13
288,男性,30代,9,4,83
289,女性,10-20代,5,83,54
290,女性,40代,5,72,1
291,女性,10-20代,5,77,22
292,男性,40代,3,50,68
293,男性,60代,3,49,83
294,女性,60代,8,74,78
295,女性,10-20代,7,19,88
296,男性,10-20代,8,38,84
297,女性,30代,7,12,100
298,男性,50代,3,80,48
299,男性,50代,8,59,31
300,男性,10-20代,3,73,6
301,女性,50代,5,85,59
302,男性,10-20代,3,29,42
303,男性,50代,6,89,15
304,男性,50代,9,8,98
305,男性,40代,6,15,89
306,女性,10-20代,5,45,57
307,男性,40代,5,99,90
308,男性,30代,6,22,95
309,女性,60代,9,94,55
310,女性,40代,9,6,74
311,男性,50代,6,20,7
312,男性,60代,4,58,64
313,男性,40代,3,66,69
314,男性,10-20代,4,27,40
315,男性,50代,7,13,62
316,女性,10-20代,9,19,17
317,女性,50代,3,24,26
318,女性,10-20代,6,76,23
319,女性,10-20代,6,80,17
320,男性,60代,8,100,91
321,女性,50代,5,99,45
322,女性,60代,4,78,63
323,男性,10-20代,5,51,83
324,女性,40代,6,7,49
325,女性,60代,9,55,93
326,男性,,9,32,97
327,男性,10-20代,9,22,63
328,男性,40代,8,69,26
329,女性,40代,7,17,37
330,男性,50代,3,88,31
331,男性,50代,9,6,34
332,女性,30代,6,83,97
333,女性,10-20代,7,20,25
334,女性,10-20代,7,63,64
335,男性,50代,6,44,99
336,女性,60代,9,78,38
337,女性,40代,6,67,37
338,男性,50代,3,61,38
339,男性,50代,9,51,61
340,女性,50代,8,94,84
341,男性,60代,4,51,90
342,女性,40代,9,61,80
343,男性,40代,3,97,36
344,女性,30代,3,82,31
345,男性,10-20代,8,17,44
346,女性,10-20代,9,33,89
347,男性,10-20代,6,41,85
348,女性,10-20代,3,40,70
349,女性,10-20代,5,67,32
350,女性,10-20代,9,79,91
351,女性,60代,3,38,16
352,男性,50代,4,8,46
353,女性,40代,9,95,75
354,女性,10-20代,6,63,4
355,女性,10-20代,4,99,15
356,女性,60代,3,11,99
357,男性,40代,3,74,12
358,男性,10-20代,8,2,87
359,男性,30代,6,66,6
360,男性,50代,9,41,35
361,男性,10-20代,8,52,40
362,男性,10-20代,7,40,34
363,男性,10-20代,4,6,100
364,男性,30代,7,84,12
365,女性,50代,3,14,74
366,女性,30代,6,38,66
367,女性,30代,4,11,58
368,男性,10-20代,4,74,29
369,女性,50代,3,34,12
370,男性,10-20代,4,8,12
371,女性,60代,7,60,64
372,男性,10-20代,3,71,73
373,女性,60代,5,39,88
374,男性,60代,5,70,5
375,女性,10-20代,4,51,46
376,男性,30代,4,61,10
377,男性,10-20代,8,93,9
378,女性,30代,3,57,13
379,女性,40代,8,25,13
380,男性,60代,3,58,97
381,男性,10-20代,9,5,4
382,女性,50代,8,30,57
383,女性,10-20代,5,40,28
384,女性,40代,9,52,76
385,男性,40代,7,20,9
386,男性,10-20代,9,30,34
387,男性,10-20代,9,10,0
388,男性,10-20代,4,1,52
389,男性,40代,9,81,80
390,女性,40代,3,78,5
391,男性,50代,4,66,30
392,男性,10-20代,4,56,94
393,女性,50代,7,80,19
394,女性,10-20代,7,89,58
395,男性,60代,7,91,86
396,女性,50代,3,32,6
397,男性,10-20代,9,26,56
398,女性,10-20代,4,18,37
399,女性,30代,8,36,56
400,女性,50代,4,26,6
401,女性,10-20代,6,10,73
402,男性,50代,9,57,62
403,女性,40代,8,56,51
404,男性,10-20代,8,52,7
405,男性,60代,8,13,54
406,女性,60代,5,4,30
407,男性,60代,5,60,15
408,男性,40代,4,50,65
409,男性,30代,9,41,9
410,男性,10-20代,3,98,61
411,男性,40代,9,45,69
412,女性,30代,4,96,60
413,女性,60代,9,85,78
414,男性,60代,9,26,9
415,女性,10-20代,8,55,49
416,男性,60代,5,83,74
417,女性,50代,4,6,92
418,女性,60代,5,62,7
419,男性,10-20代,8,58,86
420,女性,60代,4,58,90
421,男性,60代,5,75,71
422,男性,50代,5,67,66
423,男性,50代,6,70,41
424,女性,50代,7,15,87
425,女性,60代,3,26,40
426,男性,40代,5,41,1
427,男性,10-20代,9,51,60
428,女性,40代,6,9,35
429,女性,30代,6,57,45
430,男性,40代,8,2,26
431,女性,60代,8,22,40
432,男性,60代,5,88,28
433,女性,40代,3,22,84
434,女性,10-20代,3,2,70
435,男性,10-20代,7,4,15
436,男性,30代,9,56,68
437,女性,30代,7,33,95
438,女性,10-20代,8,40,85
439,男性,10-20代,3,11,100
440,男性,40代,5,12,4
441,男性,30代,9,78,52
442,男性,10-20代,4,2,10
443,男性,10-20代,4,2,48
444,女性,60代,6,57,31
445,男性,40代,3,34,76
446,男性,60代,6,36,20
447,女性,30代,4,62,49
448,女性,40代,7,87,68
449,男性,60代,9,68,90
450,女性,10-20代,4,74,78
451,女性,30代,9,77,89
452,女性,60代,4,100,74
453,男性,50代,6,62,54
454,女性,10-20代,3,52,92
455,男性,60代,4,4,28
456,女性,10-20代,6,76,12
457,男性,30代,4,55,46
458,女性,10-20代,4,60,61
459,男性,60代,5,61,23
460,女性,10-20代,4,27,53
461,女性,10-20代,6,14,49
462,男性,60代,3,67,1
463,男性,10-20代,8,27,55
464,男性,30代,5,64,48
465,女性,60代,9,88,90
466,男性,40代,6,37,67
467,女性,60代,7,80,22
468,女性,30代,8,11,11
469,男性,60代,4,31,76
470,女性,40代,7,63,76
471,男性,40代,7,0,35
472,女性,10-20代,3,39,26
473,女性,60代,9,0,2
474,男性,30代,8,63,63
475,女性,60代,7,20,88
476,女性,50代,7,23,97
477,男性,60代,9,99,55
478,男性,60代,9,14,85
479,男性,60代,9,38,56
480,男性,30代,6,40,98
481,男性,10-20代,3,59,43
482,男性,10-20代,7,72,30
483,男性,50代,6,71,8
484,男性,40代,8,81,52
485,男性,10-20代,5,10,34
486,女性,50代,7,57,5
487,男性,10-20代,9,38,22
488,女性,40代,6,17,49
489,女性,30代,3,18,59
490,男性,40代,6,87,100
491,男性,50代,8,90,43
492,女性,50代,3,53,13
493,女性,30代,5,51,37
494,女性,30代,9,43,25
495,男性,30代,8,4,90
496,男性,10-20代,6,41,19
497,男性,10-20代,4,74,4
498,女性,30代,7,45,52
499,女性,10-20代,4,13,11
500,男性,30代,9,28,29
501,女性,10-20代,5,96,68
502,男性,10-20代,5,11,33
503,男性,30代,4,90,55
504,男性,30代,7,95,86
505,女性,30代,8,36,96
506,女性,40代,6,11,54
507,女性,30代,9,15,29
508,男性,30代,4,54,41
509,女性,10-20代,6,13,77
510,男性,60代,9,37,4
511,男性,60代,6,27,66
512,男性,40代,7,73,89
513,男性,50代,8,33,99
514,男性,30代,6,19,24
515,男性,30代,8,40,57
516,女性,30代,6,24,31
517,男性,30代,4,93,85
518,女性,10-20代,3,45,15
519,女性,40代,7,51,79
520,女性,10-20代,9,48,12
521,男性,10-20代,5,31,4
522,女性,10-20代,7,79,96
523,女性,50代,5,91,20
524,男性,40代,7,71,65
525,女性,10-20代,3,58,18
526,男性,50代,8,77,18
527,男性,50代,9,34,47
528,男性,60代,9,41,41
529,女性,10-20代,7,3,69
530,男性,50代,6,93,15
531,女性,10-20代,8,11,44
532,男性,30代,4,30,27
533,女性,60代,9,77,84
534,男性,40代,8,69,81
535,女性,30代,4,96,8
536,男性,10-20代,8,69,48
537,男性,40代,5,53,74
538,女性,50代,6,3,40
539,女性,60代,9,56,23
540,男性,60代,7,84,13
541,女性,10-20代,5,96,28
542,男性,40代,6,85,28
543,男性,50代,5,52,89
544,男性,50代,7,64,43
545,女性,10-20代,3,84,89
546,女性,10-20代,3,54,36
547,男性,30代,6,13,87
548,女性,50代,4,17,19
549,男性,40代,8,58,92
550,男性,60代,7,51,21
551,男性,40代,9,89,31
552,男性,10-20代,3,41,84
553,男性,50代,5,2,58
554,女性,40代,7,20,83
555,女性,10-20代,4,66,34
556,男性,60代,6,51,13
557,女性,10-20代,6,94,55
558,女性,60代,5,20,58
559,女性,50代,9,45,5
560,女性,30代,7,27,37
561,男性,,9,99,88
562,男性,60代,5,3,76
563,女性,30代,3,39,77
564,男性,40代,5,5,70
565,女性,50代,6,22,76
566,男性,50代,3,48,52
567,女性,40代,7,73,17
568,男性,10-20代,9,34,20
569,女性,60代,4,66,2
570,男性,50代,5,50,68
571,男性,30代,4,22,43
572,男性,30代,5,79,30
573,男性,30代,6,95,11
574,女性,60代,9,37,69
575,女性,60代,5,63,94
576,男性,40代,4,80,98
577,女性,10-20代,6,74,25
578,男性,30代,4,5,19
579,女性,60代,6,0,97
580,女性,30代,6,41,34
581,男性,60代,6,51,80
582,女性,30代,4,58,33
583,女性,50代,5,1,63
584,女性,30代,9,73,83
585,女性,60代,3,10,83
586,女性,40代,4,94,46
587,男性,10-20代,3,64,41
588,男性,10-20代,6,62,85
589,男性,40代,7,11,69
590,女性,40代,7,30,41
591,女性,10-20代,9,42,30
592,男性,60代,5,10,27
593,女性,60代,7,36,49
594,女性,40代,5,0,73
595,男性,50代,5,34,71
596,女性,10-20代,7,96,4
597,男性,60代,5,1,25
598,男性,50代,8,85,4
599,男性,50代,4,77,96
600,女性,10-20代,6,19,8
601,女性,50代,3,6,29
602,女性,50代,6,61,51
603,女性,30代,5,51,79
604,男性,50代,4,96,67
605,男性,40代,8,32,99
606,男性,30代,4,99,81
607,女性,10-20代,5,15,3
608,女性,30代,3,14,1
609,男性,60代,9,82,42
610,男性,10-20代,5,6,6
611,男性,50代,6,43,3
612,男性,30代,4,37,23
613,男性,60代,5,34,99
614,男性,50代,5,10,9
615,男性,60代,4,56,10
616,女性,40代,5,9,9
617,女性,60代,4,14,57
618,男性,50代,6,17,98
619,男性,30代,3,69,83
620,女性,60代,5,65,23
621,女性,60代,6,5,43
622,男性,10-20代,3,14,80
623,女性,40代,6,66,22
624,男性,60代,4,33,30
625,男性,10-20代,5,89,72
626,女性,40代,7,77,25
627,男性,30代,9,61,38
628,女性,40代,9,56,40
629,女性,60代,9,6,27
630,男性,30代,5,83,7
631,女性,40代,5,78,54
632,男性,50代,6,64,18
633,女性,40代,3,73,12
634,男性,30代,8,14,68
635,女性,50代,4,44,26
636,男性,30代,3,94,60
637,女性,50代,9,22,69
638,男性,,3,96,37
639,男性,10-20代,6,16,59
640,女性,40代,7,10,44
641,女性,10-20代,9,93,11
642,男性,50代,7,51,74
643,女性,10-20代,5,80,77
644,女性,50代,8,21,82
645,女性,40代,9,80,34
646,男性,50代,4,55,17
647,男性,40代,7,46,58
648,女性,50代,9,48,88
649,男性,30代,7,48,54
650,女性,30代,9,26,88
651,女性,10-20代,8,32,89
652,男性,,3,35,45
653,女性,30代,7,70,73
654,女性,30代,8,17,91
655,女性,40代,7,68,11
656,女性,40代,4,6,82
657,男性,10-20代,6,50,72
658,男性,30代,3,21,12
659,女性,40代,8,60,28
660,男性,60代,6,68,38
661,男性,,8,15,98
662,女性,50代,9,3,74
663,男性,10-20代,6,82,58
664,女性,10-20代,7,78,94
665,女性,10-20代,3,89,28
666,女性,50代,3,3,60
667,女性,10-20代,6,41,99
668,女性,40代,6,90,49
669,女性,60代,9,37,34
670,男性,10-20代,9,63,31
671,女性,60代,5,87,15
672,男性,50代,5,69,56
673,女性,40代,8,57,35
674,女性,10-20代,4,1,82
675,女性,10-20代,9,86,54
676,男性,40代,8,25,89
677,女性,40代,6,32,93
678,女性,30代,7,3,46
679,男性,30代,8,5,43
680,男性,50代,9,13,85
681,男性,60代,6,41,54
682,女性,30代,7,39,90
683,女性,60代,3,77,22
684,男性,50代,5,82,74
685,女性,40代,3,26,62
686,男性,50代,4,58,86
687,女性,10-20代,5,73,68
688,女性,40代,6,32,28
689,女性,60代,5,78,16
690,女性,40代,8,70,49
691,男性,10-20代,8,75,71
692,女性,40代,4,45,78
693,女性,30代,8,40,93
694,男性,10-20代,4,69,100
695,女性,40代,3,73,73
696,男性,10-20代,3,20,81
697,男性,50代,4,57,68
698,女性,60代,4,88,67
699,女性,50代,9,71,27
700,女性,60代,7,95,86
701,女性,60代,3,94,19
702,男性,30代,4,57,78
703,男性,50代,4,89,32
704,男性,10-20代,4,83,31
705,女性,40代,4,79,26
706,女性,10-20代,4,78,81
707,男性,40代,7,72,25
708,男性,50代,4,17,69
709,男性,60代,8,74,34
710,男性,40代,3,25,54
711,男性,60代,4,47,4
712,女性,30代,8,79,70
713,女性,40代,5,13,64
714,男性,50代,7,34,18
715,女性,50代,4,97,76
716,女性,60代,6,88,15
717,女性,50代,5,51,63
718,女性,30代,6,37,37
719,男性,10-20代,5,61,0
720,女性,10-20代,4,71,65
721,女性,30代,3,65,93
722,男性,40代,9,12,23
723,男性,50代,4,45,78
724,女性,40代,7,7,55
725,男性,10-20代,6,5,49
726,女性,10-20代,5,25,0
727,女性,10-20代,8,74,82
728,男性,30代,7,73,13
729,女性,30代,9,29,85
730,男性,50代,4,49,16
731,男性,60代,4,55,97
732,女性,30代,6,17,12
733,女性,30代,9,99,97
734,男性,60代,7,33,37
735,男性,60代,3,19,80
736,女性,10-20代,5,72,43
737,女性,10-20代,6,72,73
738,男性,40代,3,61,67
739,男性,60代,6,94,73
740,女性,40代,5,69,98
741,男性,40代,9,63,64
742,男性,10-20代,4,97,29
743,男性,30代,3,94,57
744,女性,10-20代,9,36,39
745,男性,10-20代,9,53,82
746,男性,50代,9,76,41
747,男性,30代,6,68,94
748,女性,60代,7,0,76
749,女性,60代,7,95,58
750,女性,10-20代,3,61,26
751,女性,10-20代,4,56,19
752,女性,30代,9,67,92
753,男性,30代,3,17,49
754,女性,40代,5,4,52
755,男性,10-20代,5,61,94
756,女性,60代,8,37,11
757,男性,40代,5,47,12
758,女性,10-20代,3,98,73
759,女性,40代,8,70,2
760,女性,50代,4,39,93
761,女性,30代,4,65,89
762,男性,50代,6,58,23
763,男性,60代,4,17,80
764,男性,10-20代,5,51,22
765,女性,60代,3,19,32
766,男性,40代,5,54,54
767,女性,60代,8,12,13
768,女性,60代,7,70,2
769,男性,40代,5,51,11
770,男性,50代,5,21,68
771,女性,40代,8,51,40
772,男性,10-20代,4,10,7
773,男性,60代,4,94,32
774,女性,60代,8,37,65
775,男性,10-20代,6,24,82
776,女性,50代,4,62,16
777,女性,40代,6,7,70
778,女性,50代,8,58,80
779,男性,60代,4,5,19
780,女性,60代,7,76,26
781,男性,60代,8,19,1
782,男性,10-20代,6,79,99
783,男性,50代,3,0,72
784,男性,30代,9,48,10
785,男性,50代,7,50,5
786,女性,40代,6,8,49
787,男性,30代,3,82,22
788,女性,30代,3,86,95
789,女性,40代,3,13,23
790,女性,30代,4,14,72
791,女性,10-20代,8,98,72
792,女性,30代,5,75,98
793,女性,30代,5,83,75
794,男性,10-20代,8,93,45
795,女性,30代,4,59,86
796,女性,10-20代,7,81,82
797,女性,30代,9,21,38
798,男性,10-20代,7,32,77
799,男性,30代,9,80,12
800,女性,50代,7,68,47
801,男性,50代,7,16,88
802,女性,50代,7,37,55
803,男性,10-20代,3,45,96
804,女性,40代,8,65,22
805,女性,10-20代,6,37,48
806,女性,50代,4,96,31
807,女性,60代,9,11,53
808,女性,60代,3,42,71
809,女性,60代,4,4,55
810,男性,50代,8,75,88
811,男性,10-20代,8,64,61
812,女性,60代,9,64,14
813,男性,60代,4,45,85
814,女性,50代,9,29,75
815,男性,50代,8,21,50
816,男性,40代,9,3,36
817,女性,50代,7,11,93
818,男性,10-20代,6,9,42
819,女性,30代,6,28,87
820,男性,40代,4,45,65
821,男性,60代,8,26,27
822,男性,50代,8,60,44
823,女性,40代,9,0,76
824,女性,30代,6,3,11
825,女性,30代,5,12,97
826,男性,30代,7,15,42
827,女性,50代,7,94,60
828,男性,40代,6,67,22
829,女性,60代,8,63,69
830,女性,10-20代,3,95,34
831,男性,30代,3,69,23
832,男性,40代,5,99,72
833,男性,10-20代,4,42,100
834,女性,10-20代,6,67,65
835,女性,40代,5,6,81
836,男性,30代,7,10,11
837,男性,10-20代,5,94,2
838,女性,50代,5,42,83
839,男性,60代,3,73,47
840,男性,60代,9,60,74
841,女性,60代,8,85,81
842,男性,10-20代,9,99,13
843,女性,30代,5,81,42
844,男性,60代,8,27,95
845,男性,40代,9,28,29
846,女性,60代,9,9,92
847,女性,30代,8,8,91
848,男性,60代,8,36,51
849,女性,40代,9,56,57
850,女性,10-20代,5,19,18
851,女性,50代,7,96,61
852,男性,30代,5,3,98
853,男性,10-20代,8,98,33
854,女性,,3,49,40
855,男性,40代,5,79,72
856,女性,60代,7,13,89
857,女性,30代,5,15,66
858,男性,10-20代,3,52,26
859,女性,10-20代,4,60,75
860,女性,60代,9,59,11
861,女性,50代,5,56,25
862,女性,40代,7,74,11
863,男性,30代,9,26,96
864,男性,40代,7,45,39
865,女性,40代,3,84,8
866,男性,40代,3,40,26
867,男性,10-20代,6,66,84
868,男性,30代,4,14,29
869,女性,10-20代,9,70,0
870,女性,50代,5,9,36
871,女性,10-20代,6,62,55
872,女性,50代,7,24,42
873,男性,40代,7,27,66
874,男性,60代,7,31,3
875,女性,50代,6,2,97
876,男性,60代,3,25,33
877,女性,60代,3,29,31
878,女性,30代,7,24,40
879,男性,30代,6,10,25
880,女性,10-20代,5,63,97
881,男性,50代,8,97,94
882,男性,10-20代,8,64,87
883,女性,60代,6,13,81
884,男性,40代,3,0,32
885,女性,10-20代,6,21,11
886,女性,50代,3,6,18
887,男性,40代,6,39,72
888,女性,60代,4,94,24
889,女性,60代,3,92,96
890,女性,60代,4,1,91
891,男性,50代,7,20,77
892,男性,30代,3,81,36
893,女性,50代,4,19,19
894,男性,60代,6,4,80
895,男性,60代,3,64,49
896,女性,50代,7,67,76
897,女性,10-20代,7,63,73
898,男性,40代,4,17,65
899,男性,60代,9,3,24
900,女性,10-20代,3,48,20
901,女性,60代,7,26,77
902,女性,50代,3,32,99
903,女性,10-20代,9,33,39
904,女性,60代,9,16,8
905,男性,40代,7,30,72
906,女性,10-20代,5,32,3
907,男性,30代,6,1,54
908,女性,50代,4,67,88
909,女性,50代,4,47,92
910,男性,40代,8,44,8
911,男性,60代,7,80,24
912,男性,60代,5,44,66
913,男性,60代,3,96,76
914,男性,40代,4,61,18
915,女性,10-20代,8,96,86
916,女性,40代,4,4,5
917,女性,40代,6,25,81
918,女性,50代,6,95,80
919,女性,50代,7,81,19
920,女性,10-20代,8,64,38
921,男性,60代,4,5,58
922,男性,40代,4,79,77
923,男性,60代,4,67,24
924,男性,50代,6,47,56
925,男性,60代,4,57,36
926,女性,60代,8,0,68
927,男性,10-20代,6,48,36
928,女性,30代,8,14,82
929,男性,50代,5,59,52
930,女性,30代,4,4,29
931,女性,60代,9,11,19
932,男性,10-20代,7,30,29
933,男性,60代,3,82,97
934,女性,50代,7,90,95
935,男性,40代,3,70,77
936,男性,40代,5,79,59
937,女性,50代,9,57,99
938,女性,40代,3,16,16
939,男性,30代,3,91,25
940,男性,,7,48,98
941,男性,50代,8,93,1
942,男性,60代,8,11,49
943,男性,40代,3,20,91
944,男性,10-20代,4,56,35
945,女性,60代,7,96,94
946,女性,30代,9,76,34
947,男性,40代,3,80,59
948,女性,60代,7,82,9
949,男性,40代,3,85,18
950,女性,10-20代,9,74,71
951,男性,40代,7,48,28
952,女性,50代,7,27,30
953,女性,60代,9,96,77
954,女性,60代,5,52,95
955,女性,60代,4,34,71
956,男性,10-20代,7,91,67
957,男性,40代,8,23,89
958,女性,60代,4,48,58
959,女性,60代,7,98,51
960,男性,10-20代,5,3,73
961,女性,10-20代,4,46,17
962,女性,40代,6,60,42
963,男性,50代,9,57,43
964,男性,50代,7,33,31
965,男性,50代,6,15,73
966,男性,30代,3,30,39
967,女性,50代,5,59,33
968,女性,50代,5,94,17
969,男性,10-20代,5,86,84
970,女性,10-20代,7,72,11
971,女性,30代,4,46,75
972,男性,10-20代,8,85,13
973,女性,40代,8,79,71
974,女性,30代,4,72,13
975,男性,60代,5,81,23
976,女性,60代,9,54,93
977,男性,10-20代,7,55,97
978,女性,60代,7,47,36
979,男性,40代,9,67,0
980,男性,10-20代,9,86,21
981,女性,50代,9,67,4
982,男性,40代,5,2,76
983,女性,50代,3,56,73
984,女性,40代,7,32,31
985,男性,40代,9,33,49
986,女性,10-20代,9,9,21
987,女性,10-20代,9,88,63
988,男性,10-20代,7,3,38
989,女性,50代,7,100,16
990,女性,50代,8,55,95
991,男性,50代,3,59,62
992,男性,30代,8,12,82
993,男性,40代,9,31,39
994,女性,60代,5,87,41
995,男性,30代,6,93,58
996,男性,10-20代,8,47,87
997,女性,10-20代,8,5,61
998,女性,30代,9,91,53
999,女性,40代,4,99,80
1000,女性,60代,9,19,100
1001,女性,40代,3,48,24
1002,男性,50代,4,97,8
1003,男性,10-20代,4,64,76
1004,男性,40代,8,92,13
1005,女性,10-20代,3,17,39
1006,男性,60代,9,82,4
1007,男性,30代,3,84,83
1008,女性,30代,7,53,100
1009,男性,60代,3,23,5
1010,女性,50代,7,12,56
1011,女性,50代,8,59,67
1012,女性,,8,59,40
1013,女性,30代,7,65,61
1014,女性,30代,9,49,32
1015,男性,60代,3,59,85
1016,女性,10-20代,5,99,89
1017,男性,10-20代,9,59,8
1018,男性,10-20代,4,19,39
1019,女性,40代,6,20,98
1020,女性,10-20代,9,10,94
1021,女性,30代,3,90,33
1022,女性,40代,9,29,62
1023,男性,50代,7,35,87
1024,男性,30代,4,28,55
1025,女性,,4,47,75
1026,女性,10-20代,9,28,9
1027,女性,50代,5,43,6
1028,女性,30代,6,7,7
1029,男性,40代,3,45,78
1030,女性,,7,12,38
1031,女性,50代,8,85,64
1032,男性,10-20代,5,43,20
1033,女性,10-20代,6,64,97
1034,女性,60代,8,54,56
1035,女性,10-20代,7,34,0
1036,女性,50代,7,66,0
1037,女性,40代,6,33,13
1038,女性,50代,4,59,25
1039,男性,10-20代,9,40,47
1040,男性,40代,4,43,69
1041,女性,30代,8,77,61
1042,男性,30代,3,68,37
1043,女性,30代,7,11,39
1044,男性,50代,3,63,16
1045,男性,30代,6,13,37
1046,女性,10-20代,6,48,40
1047,女性,50代,8,41,15
1048,男性,30代,8,4,49
1049,女性,10-20代,6,78,52
1050,男性,30代,7,21,88
1051,女性,50代,7,66,82
1052,女性,30代,3,72,90
1053,男性,30代,7,78,96
1054,男性,40代,8,54,37
1055,女性,10-20代,8,61,49
1056,男性,50代,5,32,39
1057,男性,10-20代,7,25,6
1058,男性,30代,4,36,64
1059,男性,60代,4,65,100
1060,女性,10-20代,6,88,37
1061,男性,30代,8,10,57
1062,男性,10-20代,5,61,89
1063,女性,30代,7,15,9
1064,女性,60代,9,9,94
1065,男性,50代,7,54,37
1066,女性,30代,9,39,59
1067,男性,30代,9,6,76
1068,男性,40代,3,12,53
1069,男性,30代,7,6,85
1070,男性,10-20代,9,53,98
1071,男性,30代,8,77,5
1072,女性,10-20代,7,73,49
1073,女性,50代,3,96,45
1074,男性,10-20代,9,23,12
1075,女性,40代,4,34,53
1076,男性,60代,3,62,39
1077,女性,50代,4,23,43
1078,女性,10-20代,4,77,36
1079,男性,60代,4,38,42
1080,男性,40代,3,86,74
1081,男性,60代,7,38,34
1082,女性,40代,7,63,62
1083,女性,40代,5,28,54
1084,男性,10-20代,4,40,91
1085,男性,10-20代,4,63,77
1086,女性,40代,4,82,57
1087,女性,50代,3,4,94
1088,女性,10-20代,3,79,76
1089,男性,30代,5,33,86
1090,女性,10-20代,6,98,21
1091,女性,50代,4,85,86
1092,男性,50代,4,26,60
1093,男性,,4,36,45
1094,男性,50代,3,66,4
1095,男性,30代,5,99,29
1096,男性,60代,7,0,18
1097,女性,60代,9,17,18
1098,男性,50代,4,89,10
1099,男性,10-20代,4,38,39
1100,男性,40代,4,73,78
1101,男性,60代,8,50,99
1102,女性,10-20代,8,47,43
1103,男性,50代,6,31,33
1104,女性,50代,8,12,61
1105,男性,50代,7,24,16
1106,女性,10-20代,6,41,25
1107,女性,60代,7,38,53
1108,女性,50代,8,88,67
1109,女性,10-20代,6,47,85
1110,女性,30代,7,9,32
1111,女性,40代,9,38,50
1112,女性,10-20代,6,17,83
1113,男性,10-20代,9,25,1
1114,女性,60代,4,54,67
1115,女性,60代,9,51,44
1116,女性,50代,6,39,45
1117,女性,10-20代,4,59,80
1118,男性,60代,9,83,77
1119,男性,30代,7,59,85
1120,男性,40代,8,100,85
1121,男性,40代,9,26,7
1122,男性,10-20代,9,24,87
1123,女性,60代,9,81,5
1124,男性,30代,9,41,99
1125,女性,50代,8,95,98
1126,男性,10-20代,5,88,79
1127,女性,30代,8,24,84
1128,男性,10-20代,5,63,12
1129,女性,30代,4,1,10
1130,女性,60代,9,34,85
1131,男性,10-20代,4,9,69
1132,男性,40代,6,89,50
1133,女性,50代,7,69,85
1134,女性,50代,5,54,62
1135,女性,10-20代,8,98,11
1136,女性,30代,7,95,95
1137,男性,60代,3,78,76
1138,男性,30代,8,71,16
1139,女性,60代,7,63,23
1140,女性,40代,4,89,25
1141,女性,10-20代,8,56,53
1142,女性,10-20代,9,92,56
1143,女性,10-20代,3,54,4
1144,女性,10-20代,5,25,58
1145,男性,50代,6,6,33
1146,男性,10-20代,5,79,37
1147,女性,50代,9,14,8
1148,女性,60代,9,66,6
1149,女性,60代,4,44,33
1150,男性,60代,4,10,80
1151,女性,60代,8,66,86
1152,男性,40代,9,24,97
1153,男性,10-20代,3,71,64
1154,男性,10-20代,5,86,27
1155,女性,40代,7,38,47
1156,男性,10-20代,4,15,92
1157,女性,60代,4,77,61
1158,女性,10-20代,5,41,26
1159,男性,50代,3,52,60
1160,男性,10-20代,7,53,8
1161,男性,60代,6,65,60
1162,男性,50代,4,44,68
1163,女性,10-20代,9,40,0
1164,男性,60代,3,9,39
1165,女性,30代,9,60,51
1166,女性,30代,6,55,85
1167,男性,30代,4,11,94
1168,男性,40代,3,57,90
1169,女性,10-20代,6,95,50
1170,女性,30代,5,24,66
1171,女性,50代,5,38,31
1172,女性,30代,4,69,38
1173,女性,30代,8,59,98
1174,女性,10-20代,3,65,87
1175,女性,30代,9,2,70
1176,男性,10-20代,7,87,5
1177,男性,30代,3,41,50
1178,女性,60代,5,91,78
1179,女性,60代,8,64,24
1180,女性,40代,5,78,6
1181,男性,50代,6,69,5
1182,女性,40代,4,46,1
1183,女性,60代,7,14,15
1184,女性,60代,5,86,100
1185,女性,60代,5,9,95
1186,女性,40代,6,44,63
1187,男性,10-20代,8,18,7
1188,女性,40代,5,47,8
1189,女性,40代,5,77,25
1190,男性,30代,4,36,50
1191,女性,40代,9,65,85
1192,男性,50代,4,98,37
1193,女性,10-20代,7,84,41
1194,女性,10-20代,7,93,41
1195,女性,10-20代,7,50,61
1196,男性,50代,8,72,19
1197,女性,50代,3,68,43
1198,女性,50代,6,45,33
1199,男性,10-20代,7,76,78
1200,女性,10-20代,3,15,90
1201,男性,10-20代,5,25,48
1202,女性,30代,5,89,34
1203,女性,40代,4,37,51
1204,男性,60代,8,92,46
1205,男性,10-20代,6,99,17
1206,女性,10-20代,9,20,46
1207,女性,50代,6,6,20
1208,男性,50代,7,85,70
1209,女性,50代,6,49,53
1210,男性,40代,5,43,36
1211,男性,10-20代,6,1,59
1212,男性,50代,5,26,95
1213,女性,40代,3,23,95
1214,女性,10-20代,5,40,60
1215,男性,10-20代,7,38,36
1216,女性,60代,9,80,67
1217,男性,40代,5,13,87
1218,男性,30代,9,39,39
1219,女性,50代,3,91,20
1220,女性,60代,8,7,90
1221,女性,50代,8,1,2
1222,男性,30代,6,91,83
1223,女性,10-20代,5,46,37
1224,男性,60代,5,100,36
1225,女性,10-20代,5,19,79
1226,女性,10-20代,3,84,67
1227,女性,40代,3,31,34
1228,女性,30代,5,33,38
1229,女性,10-20代,8,80,86
1230,男性,60代,9,38,32
1231,女性,40代,8,71,7
1232,男性,10-20代,3,51,53
1233,女性,30代,3,27,18
1234,女性,30代,9,68,92
1235,男性,10-20代,3,34,37
1236,男性,50代,9,28,97
1237,女性,60代,8,70,59
1238,女性,50代,3,43,19
1239,女性,30代,5,71,83
1240,女性,50代,5,17,83
1241,男性,50代,4,27,88
1242,男性,,3,1,78
1243,女性,10-20代,6,46,71
1244,男性,40代,6,36,94
1245,男性,40代,4,29,69
1246,女性,10-20代,4,36,33
1247,女性,10-20代,4,24,98
1248,女性,10-20代,7,31,15
1249,女性,50代,4,11,66
1250,男性,30代,4,45,36
1251,男性,40代,6,14,13
1252,女性,10-20代,5,59,75
1253,女性,40代,7,20,55
1254,女性,40代,9,25,33
1255,女性,,8,12,23
1256,男性,10-20代,6,48,79
1257,男性,50代,9,100,30
1258,女性,40代,8,90,94
1259,女性,50代,6,33,39
1260,男性,60代,9,47,29
1261,男性,10-20代,5,44,22
1262,男性,60代,8,94,92
1263,男性,40代,6,75,65
1264,女性,60代,6,96,73
1265,女性,10-20代,7,60,64
1266,男性,40代,8,33,21
1267,男性,60代,5,38,47
1268,女性,60代,9,94,75
1269,女性,40代,6,2,69
1270,女性,30代,3,43,29
1271,女性,50代,8,14,75
1272,女性,40代,7,51,61
1273,男性,10-20代,3,28,35
1274,女性,30代,4,49,62
1275,女性,60代,4,37,53
1276,女性,10-20代,4,71,61
1277,女性,60代,4,30,10
1278,男性,30代,3,74,38
1279,男性,10-20代,7,60,41
1280,男性,50代,8,89,46
1281,男性,30代,3,7,37
1282,男性,10-20代,9,78,86
1283,女性,40代,5,19,73
1284,女性,60代,4,24,71
1285,女性,30代,6,23,71
1286,女性,10-20代,7,27,60
1287,男性,40代,8,3,11
1288,男性,30代,6,62,23
1289,男性,60代,9,9,73
1290,男性,10-20代,4,10,74
1291,女性,30代,8,42,26
1292,女性,40代,4,19,96
1293,男性,60代,3,6,55
1294,女性,30代,7,90,15
1295,男性,50代,7,73,88
1296,女性,30代,6,80,41
1297,男性,10-20代,8,40,33
1298,男性,40代,4,73,18
1299,女性,50代,9,79,9
1300,男性,10-20代,3,73,100
1301,女性,10-20代,5,82,43
1302,女性,40代,3,37,100
1303,男性,50代,6,68,36
1304,男性,30代,3,15,62
1305,男性,10-20代,7,57,73
1306,男性,30代,5,44,33
1307,男性,60代,7,60,35
1308,男性,40代,8,2,35
1309,男性,50代,9,99,98
1310,男性,50代,6,16,82
1311,女性,60代,5,2,24
1312,男性,30代,4,32,52
1313,女性,30代,6,11,61
1314,女性,10-20代,7,20,77
1315,男性,30代,7,44,30
1316,女性,,4,95,48
1317,男性,30代,9,73,77
1318,女性,30代,7,6,82
1319,女性,60代,5,49,61
1320,男性,40代,5,93,19
1321,女性,50代,4,87,48
1322,男性,40代,5,60,10
1323,女性,30代,3,57,72
1324,男性,30代,8,78,30
1325,男性,10-20代,3,57,42
1326,女性,50代,9,77,15
1327,女性,40代,4,76,50
1328,男性,30代,7,79,90
1329,女性,10-20代,7,59,64
1330,男性,40代,7,71,57
1331,男性,10-20代,4,80,23
1332,男性,40代,5,9,99
1333,女性,10-20代,6,58,43
1334,女性,10-20代,6,13,95
1335,女性,30代,9,26,22
1336,女性,50代,6,84,4
1337,男性,40代,5,33,61
1338,女性,30代,5,3,78
1339,男性,50代,6,100,19
1340,男性,30代,8,93,98
1341,男性,30代,5,2,47
1342,男性,30代,4,34,16
1343,女性,30代,7,1,58
1344,女性,40代,5,87,80
1345,男性,30代,6,63,22
1346,男性,10-20代,7,61,84
1347,女性,60代,9,50,73
1348,男性,30代,7,29,95
1349,男性,60代,5,27,38
1350,女性,10-20代,6,10,93
1351,女性,40代,7,45,94
1352,女性,50代,4,64,3
1353,男性,30代,7,4,14
1354,男性,30代,8,17,71
1355,女性,60代,3,14,19
1356,女性,10-20代,9,73,95
1357,女性,30代,7,65,92
1358,男性,40代,7,73,49
1359,女性,10-20代,3,54,96
1360,女性,40代,9,23,42
1361,男性,30代,4,88,5
1362,女性,30代,7,6,7
1363,男性,60代,5,55,85
1364,男性,60代,3,21,42
1365,女性,50代,4,0,87
1366,男性,60代,3,84,62
1367,男性,50代,7,91,44
1368,男性,30代,5,59,21
1369,男性,50代,6,19,1
1370,女性,50代,7,98,83
1371,女性,40代,3,19,47
1372,女性,50代,5,56,16
1373,女性,30代,8,90,58
1374,女性,40代,4,67,26
1375,男性,40代,6,55,30
1376,男性,40代,8,89,65
1377,男性,30代,4,40,97
1378,男性,10-20代,6,53,10
1379,女性,10-20代,4,99,83
1380,女性,40代,4,2,32
1381,女性,60代,7,22,52
1382,女性,40代,8,82,15
1383,男性,50代,5,83,68
1384,女性,60代,4,15,95
1385,女性,50代,8,8,0
1386,男性,10-20代,4,10,17
1387,男性,50代,9,65,29
1388,女性,10-20代,8,18,37
1389,男性,10-20代,8,13,47
1390,男性,60代,8,49,36
1391,女性,40代,3,4,71
1392,女性,60代,9,98,18
1393,女性,30代,7,26,4
1394,女性,40代,6,68,72
1395,女性,10-20代,7,59,88
1396,女性,50代,5,84,55
1397,女性,30代,7,21,19
1398,女性,50代,5,20,53
1399,男性,50代,5,3,18
1400,女性,60代,7,77,99
1401,男性,30代,8,86,59
1402,女性,30代,7,76,84
1403,男性,40代,3,95,12
1404,男性,40代,8,3,52
1405,女性,50代,4,33,52
1406,男性,40代,8,0,39
1407,女性,50代,9,11,32
1408,男性,30代,8,48,51
1409,男性,,5,37,32
1410,女性,10-20代,6,51,70
1411,女性,10-20代,9,45,96
1412,男性,10-20代,4,32,78
1413,男性,60代,4,67,48
1414,女性,30代,3,42,24
1415,女性,40代,7,93,54
1416,女性,30代,4,7,40
1417,女性,50代,3,98,34
1418,男性,10-20代,7,24,97
1419,男性,50代,3,90,75
1420,女性,60代,6,43,72
1421,女性,50代,7,6,73
1422,男性,30代,9,71,64
1423,男性,10-20代,4,35,6
1424,女性,40代,3,77,46
1425,女性,50代,5,64,63
1426,女性,10-20代,8,55,82
1427,女性,40代,9,27,9
1428,女性,60代,3,17,28
1429,男性,30代,9,92,29
1430,女性,30代,9,46,51
1431,女性,30代,5,21,19
1432,女性,40代,9,76,75
1433,女性,40代,6,7,56
1434,女性,10-20代,8,45,79
1435,女性,40代,3,76,66
1436,男性,60代,5,15,80
1437,男性,30代,8,19,6
1438,男性,30代,9,82,37
1439,女性,40代,5,66,99
1440,女性,40代,5,44,36
1441,男性,50代,4,4,47
1442,男性,30代,4,31,27
1443,男性,60代,4,11,90
1444,女性,50代,7,66,92
1445,女性,40代,6,69,39
1446,女性,30代,3,10,62
1447,男性,50代,8,39,13
1448,男性,30代,9,3,22
1449,女性,30代,6,98,96
1450,男性,40代,6,88,58
1451,男性,60代,4,60,8
1452,女性,10-20代,3,32,21
1453,男性,30代,7,13,23
1454,女性,10-20代,9,92,11
1455,女性,50代,9,21,25
1456,男性,10-20代,3,13,89
1457,女性,40代,7,53,13
1458,男性,50代,3,82,23
1459,男性,40代,3,58,44
1460,女性,40代,6,46,98
1461,女性,30代,5,6,25
1462,女性,60代,3,46,63
1463,女性,40代,4,56,91
1464,女性,40代,6,11,22
1465,女性,40代,9,99,22
1466,女性,60代,8,17,70
1467,男性,40代,9,34,79
1468,女性,60代,4,17,30
1469,女性,40代,7,1,19
1470,男性,40代,9,35,51
1471,女性,60代,3,4,21
1472,女性,10-20代,6,9,1
1473,男性,,7,59,84
1474,男性,60代,9,54,81
1475,男性,10-20代,4,13,20
1476,男性,10-20代,7,6,53
1477,女性,10-20代,7,19,7
1478,男性,40代,7,70,36
1479,男性,50代,5,46,99
1480,女性,10-20代,6,79,40
1481,女性,40代,9,17,29
1482,女性,50代,5,25,42
1483,男性,40代,3,28,86
1484,女性,60代,5,99,18
1485,男性,50代,8,4,53
1486,男性,60代,9,48,67
1487,男性,60代,7,55,52
1488,女性,30代,7,30,23
1489,女性,40代,9,41,37
1490,男性,30代,4,44,1
1491,女性,10-20代,3,71,100
1492,女性,50代,3,32,51
1493,女性,30代,3,50,10
1494,男性,10-20代,4,39,67
1495,女性,30代,4,72,80
1496,男性,50代,3,15,0
1497,男性,10-20代,9,10,21
1498,男性,30代,3,33,37
1499,女性,50代,8,100,10
1500,女性,50代,4,13,13
1501,女性,60代,9,78,31
1502,女性,60代,6,85,92
1503,女性,30代,9,31,70
1504,男性,60代,6,9,68
1505,女性,30代,3,66,78
1506,女性,40代,8,91,32
1507,男性,,8,18,95
1508,女性,30代,5,68,93
1509,女性,60代,5,42,55
1510,女性,10-20代,6,66,23
1511,男性,30代,4,72,49
1512,男性,40代,6,27,31
1513,男性,40代,3,41,7
1514,女性,50代,9,81,69
1515,女性,50代,9,46,62
1516,男性,30代,8,66,97
1517,女性,40代,7,5,73
1518,女性,10-20代,6,9,55
1519,女性,30代,8,86,22
1520,男性,10-20代,6,58,98
1521,女性,50代,6,62,66
1522,女性,60代,6,20,93
1523,女性,30代,9,51,37
1524,男性,40代,9,29,81
1525,女性,30代,5,91,3
1526,女性,10-20代,7,69,69
1527,女性,60代,3,84,34
1528,男性,40代,8,85,44
1529,女性,30代,5,51,2
1530,男性,40代,8,59,23
1531,男性,,6,45,12
1532,男性,40代,3,29,77
1533,男性,40代,9,3,7
1534,女性,60代,4,12,48
1535,男性,10-20代,9,43,8
1536,男性,,6,83,56
1537,女性,60代,6,22,75
1538,男性,60代,5,92,15
1539,女性,10-20代,6,39,86
1540,男性,50代,9,87,30
1541,男性,60代,4,80,50
1542,男性,40代,5,81,4
1543,女性,30代,6,96,64
1544,女性,50代,9,93,39
1545,女性,50代,8,24,46
1546,女性,30代,3,49,63
1547,女性,50代,7,84,83
1548,男性,30代,7,86,49
1549,男性,10-20代,8,56,56
1550,男性,30代,8,13,73
1551,男性,30代,6,36,43
1552,男性,30代,3,52,92
1553,男性,40代,7,4,52
1554,男性,60代,7,11,73
1555,女性,10-20代,9,71,96
1556,男性,40代,5,6,25
1557,男性,50代,3,22,90
1558,男性,60代,6,25,77
1559,女性,60代,9,54,48
1560,男性,10-20代,6,78,81
1561,男性,10-20代,5,5,18
1562,男性,60代,4,93,3
1563,男性,50代,3,87,29
1564,男性,60代,4,75,81
1565,男性,60代,9,53,45
1566,男性,60代,4,66,34
1567,男性,10-20代,4,19,6
1568,女性,50代,7,95,69
1569,女性,30代,4,87,52
1570,女性,40代,7,38,82
1571,男性,30代,5,69,50
1572,女性,10-20代,5,43,87
1573,女性,60代,3,72,87
1574,女性,40代,5,50,44
1575,女性,30代,4,42,28
1576,女性,30代,7,43,15
1577,女性,30代,3,64,60
1578,女性,50代,4,95,73
1579,女性,30代,7,93,49
1580,男性,60代,7,3,52
1581,男性,60代,5,82,67
1582,女性,10-20代,7,10,53
1583,男性,30代,4,5,98
1584,女性,60代,3,76,78
1585,男性,10-20代,5,23,67
1586,女性,10-20代,4,17,93
1587,男性,50代,9,42,3
1588,女性,60代,6,95,21
1589,女性,10-20代,3,60,96
1590,女性,30代,5,88,9
1591,男性,60代,4,76,51
1592,女性,30代,6,90,56
1593,男性,40代,4,68,43
1594,女性,10-20代,7,26,17
1595,女性,10-20代,8,17,53
1596,女性,,6,77,77
1597,男性,10-20代,9,62,53
1598,男性,60代,3,0,12
1599,女性,10-20代,5,92,55
1600,女性,10-20代,8,47,94
1601,男性,10-20代,4,53,68
1602,男性,50代,9,7,90
1603,女性,10-20代,6,38,75
1604,女性,60代,7,93,6
1605,女性,60代,9,26,41
1606,女性,40代,7,85,46
1607,女性,50代,6,31,36
1608,男性,30代,3,39,14
1609,女性,60代,3,13,38
1610,女性,30代,6,29,68
1611,女性,60代,5,95,17
1612,女性,10-20代,5,76,60
1613,男性,30代,6,84,46
1614,女性,40代,5,22,27
1615,男性,30代,9,99,65
1616,男性,10-20代,8,70,91
1617,女性,40代,7,75,49
1618,女性,50代,9,80,68
1619,男性,60代,9,34,39
1620,男性,10-20代,6,93,34
1621,男性,60代,4,13,59
1622,男性,40代,4,50,12
1623,男性,10-20代,8,35,42
1624,男性,40代,3,16,27
1625,男性,40代,5,50,90
1626,女性,60代,8,34,26
1627,男性,10-20代,4,11,55
1628,女性,10-20代,4,12,0
1629,男性,30代,4,47,47
1630,男性,30代,7,41,53
1631,女性,50代,3,50,82
1632,女性,60代,8,27,87
1633,女性,60代,5,6,44
1634,女性,30代,9,87,6
1635,男性,60代,3,47,1
1636,男性,10-20代,7,58,58
1637,女性,40代,4,42,16
1638,男性,40代,3,25,100
1639,男性,30代,8,53,54
1640,女性,30代,5,75,16
1641,女性,10-20代,6,85,40
1642,男性,40代,9,40,93
1643,女性,60代,5,33,73
1644,女性,40代,8,53,27
1645,男性,10-20代,3,76,77
1646,男性,10-20代,4,92,78
1647,女性,40代,8,14,84
1648,男性,30代,4,27,18
1649,女性,30代,6,43,60
1650,男性,40代,8,2,99
1651,男性,10-20代,4,1,68
1652,女性,50代,6,70,15
1653,女性,40代,4,8,38
1654,男性,50代,6,25,57
1655,男性,30代,6,1,59
1656,女性,60代,5,39,58
1657,女性,,9,50,53
1658,男性,10-20代,7,82,31
1659,男性,30代,5,36,26
1660,男性,60代,8,80,74
1661,男性,60代,3,85,94
1662,女性,10-20代,5,6,79
1663,男性,10-20代,6,86,90
1664,女性,50代,5,27,63
1665,女性,10-20代,8,20,16
1666,女性,60代,5,44,35
1667,女性,40代,3,77,61
1668,男性,30代,7,51,65
1669,女性,60代,9,87,76
1670,女性,60代,8,67,57
1671,男性,30代,3,68,57
1672,男性,60代,3,38,90
1673,男性,40代,5,100,42
1674,男性,10-20代,3,8,82
1675,女性,50代,8,50,94
1676,女性,40代,3,51,6
1677,女性,30代,5,0,2
1678,男性,30代,9,32,0
1679,男性,10-20代,5,72,6
1680,男性,40代,4,23,30
1681,女性,50代,4,68,5
1682,女性,10-20代,7,54,66
1683,女性,10-20代,4,21,20
1684,男性,30代,6,71,73
1685,男性,10-20代,9,97,53
1686,女性,40代,3,23,95
1687,女性,60代,9,35,88
1688,男性,40代,3,9,50
1689,男性,40代,8,78,33
1690,女性,30代,7,19,0
1691,女性,30代,9,9,50
1692,男性,10-20代,6,37,72
1693,女性,50代,8,17,0
1694,男性,30代,6,89,17
1695,男性,40代,4,51,58
1696,男性,30代,6,43,80
1697,女性,30代,5,85,20
1698,男性,,7,1,12
1699,女性,50代,7,2,62
1700,女性,60代,4,20,43
1701,男性,50代,4,76,83
1702,女性,30代,9,5,78
1703,女性,30代,8,41,5
1704,男性,60代,7,89,55
1705,女性,30代,4,15,50
1706,男性,60代,6,67,64
1707,女性,40代,7,63,9
1708,女性,30代,7,16,6
1709,男性,60代,8,55,40
1710,男性,60代,8,88,73
1711,女性,60代,6,43,19
1712,男性,40代,8,100,34
1713,男性,30代,6,3,77
1714,男性,60代,6,22,13
1715,女性,30代,8,94,72
1716,男性,40代,6,6,1
1717,女性,50代,9,5,77
1718,女性,10-20代,3,63,8
1719,女性,60代,8,85,11
1720,男性,50代,8,72,26
1721,男性,60代,8,13,31
1722,男性,10-20代,7,32,1
1723,男性,10-20代,3,36,12
1724,女性,30代,4,9,7
1725,女性,40代,8,22,15
1726,女性,40代,5,41,11
1727,男性,40代,3,56,100
1728,女性,40代,4,42,53
1729,女性,40代,3,72,33
1730,女性,10-20代,8,1,91
1731,女性,30代,9,23,22
1732,男性,50代,8,65,69
1733,男性,10-20代,9,44,2
1734,女性,60代,5,43,42
1735,男性,40代,9,14,10
1736,男性,40代,6,84,69
1737,男性,50代,8,67,24
1738,男性,10-20代,3,3,16
1739,女性,60代,7,34,96
1740,女性,40代,3,92,49
1741,男性,50代,5,66,26
1742,男性,60代,5,69,11
1743,女性,40代,8,100,79
1744,男性,60代,4,19,82
1745,女性,50代,6,57,47
1746,女性,50代,6,51,1
1747,女性,40代,6,64,9
1748,男性,60代,7,50,93
1749,女性,,9,75,17
1750,男性,10-20代,5,26,26
1751,女性,10-20代,7,33,93
1752,男性,50代,4,39,4
1753,女性,40代,4,20,0
1754,男性,60代,9,73,89
1755,女性,60代,6,68,66
1756,女性,50代,4,78,88
1757,男性,10-20代,6,68,97
1758,女性,60代,5,59,48
1759,女性,60代,3,77,93
1760,男性,30代,9,21,97
1761,男性,50代,7,42,25
1762,男性,60代,9,6,66
1763,女性,40代,4,22,11
1764,女性,10-20代,5,40,44
1765,男性,60代,4,69,51
1766,女性,60代,8,77,96
1767,女性,40代,3,0,22
1768,男性,50代,6,16,53
1769,男性,30代,7,45,92
1770,男性,50代,8,49,95
1771,男性,10-20代,7,68,82
1772,男性,40代,5,70,56
1773,男性,50代,4,77,47
1774,女性,40代,8,55,29
1775,女性,60代,4,44,72
1776,女性,60代,9,58,95
1777,男性,10-20代,6,26,77
1778,男性,30代,3,54,21
1779,女性,10-20代,5,53,32
1780,女性,,3,35,87
1781,男性,10-20代,8,38,59
1782,女性,60代,8,25,23
1783,男性,,9,44,46
1784,男性,10-20代,6,29,29
1785,男性,10-20代,3,13,23
1786,男性,40代,9,32,16
1787,女性,40代,6,10,89
1788,男性,,3,85,25
1789,女性,10-20代,6,20,36
1790,男性,10-20代,4,64,88
1791,女性,30代,7,78,57
1792,男性,30代,5,99,45
1793,女性,30代,5,62,3
1794,女性,10-20代,3,36,79
1795,男性,10-20代,6,38,68
1796,男性,50代,4,79,3
1797,女性,50代,9,86,35
1798,男性,40代,5,61,72
1799,女性,60代,8,87,51
1800,男性,40代,7,34,62
1801,男性,60代,5,83,20
1802,男性,50代,6,42,48
1803,女性,10-20代,8,62,66
1804,女性,40代,8,83,91
1805,男性,10-20代,5,58,35
1806,男性,30代,5,92,15
1807,男性,50代,9,90,21
1808,女性,10-20代,6,7,22
1809,女性,10-20代,3,40,77
1810,女性,10-20代,7,31,38
1811,女性,60代,9,94,33
1812,女性,60代,3,54,1
1813,女性,30代,9,37,27
1814,男性,10-20代,7,79,47
1815,女性,50代,8,83,42
1816,女性,10-20代,8,85,56
1817,男性,40代,7,46,79
1818,男性,50代,8,33,20
1819,男性,40代,4,83,92
1820,女性,30代,8,20,14
1821,男性,40代,8,9,37
1822,男性,50代,5,87,39
1823,女性,50代,8,13,35
1824,女性,40代,3,66,42
1825,男性,10-20代,7,28,77
1826,女性,50代,7,31,39
1827,男性,60代,9,27,29
1828,男性,10-20代,7,36,45
1829,男性,10-20代,6,100,53
1830,女性,40代,7,30,18
1831,女性,60代,8,32,50
1832,男性,30代,6,65,58
1833,女性,40代,3,79,35
1834,女性,60代,3,46,77
1835,男性,10-20代,6,71,63
1836,女性,60代,6,10,65
1837,女性,50代,7,90,17
1838,男性,10-20代,8,59,47
1839,男性,50代,8,31,49
1840,女性,10-20代,3,6,61
1841,女性,30代,3,84,11
1842,男性,10-20代,7,25,10
1843,女性,30代,8,29,12
1844,男性,40代,9,89,3
1845,男性,40代,7,24,56
1846,女性,60代,6,35,31
1847,女性,60代,5,55,81
1848,女性,10-20代,3,30,48
1849,女性,60代,3,30,58
1850,女性,60代,8,28,2
1851,女性,50代,3,48,84
1852,女性,10-20代,8,25,36
1853,女性,10-20代,9,100,70
1854,男性,10-20代,4,9,20
1855,女性,10-20代,4,54,8
1856,男性,60代,7,83,34
1857,女性,10-20代,5,3,1
1858,女性,10-20代,7,71,51
1859,女性,10-20代,9,3,42
1860,男性,60代,6,69,11
1861,女性,60代,6,79,28
1862,女性,10-20代,7,7,50
1863,男性,40代,6,79,27
1864,女性,30代,4,17,87
1865,男性,30代,3,63,40
1866,女性,10-20代,7,90,42
1867,女性,10-20代,7,60,63
1868,女性,50代,8,56,97
1869,男性,30代,7,92,57
1870,女性,40代,7,84,2
1871,女性,10-20代,3,27,91
1872,女性,,4,35,35
1873,女性,50代,6,28,68
1874,女性,40代,5,84,61
1875,女性,50代,3,36,62
1876,女性,30代,7,64,83
1877,男性,10-20代,4,97,46
1878,男性,60代,4,36,18
1879,男性,50代,4,85,41
1880,女性,50代,6,99,41
1881,女性,40代,5,64,80
1882,女性,30代,4,77,93
1883,男性,60代,8,44,38
1884,女性,10-20代,3,20,87
1885,男性,40代,9,61,19
1886,女性,10-20代,8,84,35
1887,女性,40代,4,21,57
1888,男性,30代,5,26,21
1889,男性,10-20代,8,5,55
1890,女性,30代,9,15,36
1891,女性,10-20代,9,66,73
1892,女性,40代,9,97,68
1893,男性,50代,4,21,98
1894,男性,40代,7,20,65
1895,女性,10-20代,9,37,78
1896,女性,40代,4,71,45
1897,女性,40代,9,69,46
1898,女性,50代,8,45,3
1899,男性,40代,3,16,4
1900,男性,10-20代,9,58,70
1901,男性,40代,9,83,31
1902,女性,60代,4,37,30
1903,女性,30代,3,64,96
1904,女性,10-20代,8,39,48
1905,男性,60代,3,24,77
1906,女性,50代,4,7,5
1907,女性,30代,4,22,27
1908,男性,60代,7,22,83
1909,女性,10-20代,8,20,99
1910,女性,60代,6,33,31
1911,男性,10-20代,8,65,87
1912,男性,50代,7,12,11
1913,男性,60代,3,54,9
1914,男性,10-20代,6,36,69
1915,女性,50代,5,24,94
1916,女性,60代,3,87,83
1917,男性,10-20代,8,67,42
1918,女性,60代,6,28,40
1919,男性,10-20代,9,33,49
1920,女性,50代,9,13,21
1921,女性,10-20代,3,65,60
1922,女性,10-20代,5,85,38
1923,女性,30代,8,46,7
1924,女性,60代,9,22,83
1925,男性,10-20代,3,54,38
1926,男性,40代,7,27,97
1927,男性,30代,3,77,14
1928,男性,10-20代,7,65,11
1929,男性,40代,7,98,28
1930,女性,40代,8,57,47
1931,女性,50代,4,54,36
1932,男性,60代,5,81,42
1933,女性,40代,3,78,10
1934,男性,10-20代,3,39,64
1935,女性,10-20代,9,90,82
1936,男性,50代,4,39,84
1937,女性,10-20代,3,72,71
1938,女性,40代,4,46,92
1939,女性,50代,5,45,41
1940,女性,10-20代,4,51,88
1941,女性,60代,6,65,80
1942,女性,50代,3,80,35
1943,男性,30代,9,55,23
1944,男性,40代,5,88,8
1945,男性,40代,7,74,7
1946,女性,30代,6,51,7
1947,男性,40代,6,86,50
1948,男性,30代,5,62,11
1949,女性,60代,6,97,85
1950,女性,50代,6,3,17
1951,女性,10-20代,7,71,43
1952,女性,40代,3,98,8
1953,女性,40代,9,40,48
1954,男性,60代,8,4,84
1955,女性,10-20代,7,10,26
1956,女性,40代,9,48,10
1957,女性,40代,7,61,8
1958,女性,40代,4,79,11
1959,男性,60代,6,51,88
1960,女性,40代,8,87,87
1961,女性,50代,6,93,93
1962,男性,10-20代,9,76,93
1963,女性,40代,5,73,90
1964,女性,50代,9,31,51
1965,男性,50代,7,10,49
1966,男性,30代,9,12,64
1967,男性,30代,9,39,77
1968,女性,40代,4,98,84
1969,女性,30代,4,22,50
1970,女性,50代,3,39,66
1971,男性,10-20代,4,13,44
1972,男性,60代,4,30,66
1973,女性,40代,5,30,83
1974,女性,10-20代,7,93,54
1975,女性,10-20代,4,39,47
1976,女性,30代,6,74,62
1977,女性,40代,4,18,29
1978,女性,30代,4,25,47
1979,女性,60代,3,61,78
1980,女性,30代,9,37,7
1981,女性,60代,7,48,64
1982,男性,30代,6,24,54
1983,女性,,4,68,65
1984,女性,50代,9,65,74
1985,女性,60代,6,26,43
1986,女性,50代,6,75,45
1987,女性,30代,8,60,55
1988,女性,60代,9,59,3
1989,女性,30代,9,52,75
1990,女性,40代,4,74,21
1991,女性,10-20代,8,59,24
1992,女性,40代,6,68,6
1993,男性,10-20代,7,50,7
1994,女性,30代,5,69,50
1995,男性,50代,3,4,90
1996,女性,10-20代,6,15,57
1997,女性,50代,9,72,69
1998,男性,50代,9,72,25
1999,女性,30代,8,95,68
2000,女性,10-20代,3,76,37
